Parameter,S1,ST,S1_conf,ST_conf
k_lb,3.498452451998028e-11,1.7293002343730233e-13,3.446263478454867e-08,1.6628064238936883e-14
d_b,0.21250791963023416,0.21311860541715094,0.0392997314840052,0.01736793343769656
dm,0.7868499652562472,0.7875655535713424,0.06096309265046094,0.055515528678162215
