Parameter,S1,ST,S1_conf,ST_conf
kpb,0.005080069147170919,0.005982283873087086,0.0068957824477504474,0.0007212722948004592
apb,0.004215071362646288,0.005046675787194709,0.006300961176873481,0.0006023539968471851
amb1,0.9893931349611877,0.9901659776273023,0.06849638428668957,0.06590210651423618
