Parameter,S1,ST,S1_conf,ST_conf
E2max,0.49257790404363844,0.49608082312395657,0.060630265560154065,0.04487854194392115
ae2,0.5008037498849155,0.5046148636555836,0.059937209683105466,0.04659752658242659
de2,0.0020627974244518117,0.00312152378793927,0.0053508451005577756,0.00042331081890434395
