Parameter,S1,ST,S1_conf,ST_conf
ke_1,0.6440915545495345,0.6440838736870429,0.0583105262615549,0.05311188240733789
ke_2,0.35590428168864324,0.35591758276742425,0.044205488839905493,0.02711828962705322
